post_title,negative,neutral,positive,compound
"hello as they are I am a recent usurio of the network famton I would like to build a project a kind of play to eart with a dex in the network famton and I think it would attract a lot of money to the network and make the price rise if it is successful, the problem. I don't have the capital or the kn",0.148,0.815,0.037,0.8024
[Academic] Survey on DeFi adoption. Prizes Included to incentivize responses,0.25,0.75,0.0,0.4588
Fantom Foundation Announces 335M FTM Incentive Program,0.294,0.706,0.0,0.3612
Will Fantom increase TPS?,0.434,0.566,0.0,0.3182
Flibero just launched on spookyswap and is already #1 trending on dextools! Contract is also audited by certik and thoreum!,0.099,0.901,0.0,0.2695
Flibero just launched on spookyswap and is already 1# trending on dextools! Contact is also audited by certik!,0.109,0.891,0.0,0.2695
PSA: Lunaria Finance just launched on Fantom Mainnet,0.176,0.824,0.0,0.128
"Fantom Weekly Discussion - Week of Mar 28, 2022",0.0,1.0,0.0,0.0
Links and tips for new usere,0.0,1.0,0.0,0.0
I did my part on r/Place,0.0,1.0,0.0,0.0
On the road to 9$,0.0,1.0,0.0,0.0
Beefy’s beFTM yields,0.0,1.0,0.0,0.0
Beefy Finance (autocompounder) vs Tomb Finance,0.0,1.0,0.0,0.0
This is doing my head in: How do I actually buy FTM on Spookyswap or Spiritswap using the BNB I bridged from the BSC to the Fantom network?,0.0,1.0,0.0,0.0
FTM price on an upward surge,0.0,1.0,0.0,0.0
Unable to remove any positions from Beefy,0.0,1.0,0.0,0.0
"Dr. Liquid - our new ""Andre Cronje""?",0.0,1.0,0.0,0.0
Bridging over to Fantom Network. (Getting started on Fantom Network),0.0,1.0,0.0,0.0
SpiritSwap Tokenomics deep dive,0.0,1.0,0.0,0.0
INSANE FTM Staking Rewards. (How to stake FTM for Maximum Yields),0.2,0.579,0.221,-0.0857
You can now leverage trade FTM on gTrade 5-150x with no KYC,0.0,0.833,0.167,-0.296
DeFi Lender Inverse Finance Exploited for $15.6 Million,0.0,0.7,0.3,-0.4588
